{
  "dir" : 0,
  "dist" : 1492.232601042096,
  "duration" : 475.0239629745483,
  "idx_end" : 121,
  "idx_start" : 0,
  "max_elev" : 3260.909265518188,
  "max_speed" : 4.044931513403013,
  "min_elev" : 2788.198328018188,
  "v_delta" : 471.81884765625
}